{
	"format_version": "1.16.100",
	"minecraft:item": {
		"description": {
			"identifier": "netherite:brown_backpack",
			"category": "commands"
		},
		"components": {
			"minecraft:max_stack_size": 1,
			"minecraft:hand_equipped": false,
			"minecraft:item_storage":{
				"capacity":64
			},
       "minecraft:display_name": {
           "value": "item.netherite:backpack.name"
       },
			"minecraft:creative_category": {
				"parent": "itemGroup.name.backpack"
			},
      "minecraft:armor": {
        "protection": 9
       },
       "minecraft:wearable": {
         "slot": "slot.armor.chest"
       },
			"minecraft:icon": {
				"texture": "nbrown_backpack"
			}
		},
		"events": {
		}
	}
}