{
	"format_version": "1.12.0",
	"minecraft:geometry": [
		{
			"description": {
				"identifier": "geometry.armor_backpack",
				"texture_width": 64,
				"texture_height": 64,
				"visible_bounds_width": 3,
				"visible_bounds_height": 5,
				"visible_bounds_offset": [0, 0.5, 0]
			},
			"bones": [
				{
					"name": "body",
					"pivot": [0, -12, -1],
					"cubes": [
						{"origin": [-4, -24, -3], "size": [8, 12, 4], "inflate": 0.99, "uv": [0, 32]},
						{"origin": [7, -29, -5], "size": [4, 8, 1], "pivot": [0, -1, -1], "rotation": [0, 0, -90], "uv": [22, 48]}
					]
				},
				{
					"name": "backpack",
					"parent": "body",
					"pivot": [0, -12, -1],
					"cubes": [
						{"origin": [-5, -23, -4], "size": [10, 12, 6], "inflate": 0.1, "uv": [32, 0]},
						{"origin": [-3.5, -19, -7], "size": [7, 6, 3], "pivot": [0, -1, -1], "rotation": [0, 180, 0], "uv": [0, 0]},
						{"origin": [-1.5, -13, -6], "size": [3, 1, 0], "pivot": [0, -1, -1], "rotation": [0, 180, 0], "uv": [58, 31]},
						{"origin": [-4, -23, -8], "size": [8, 4, 4], "pivot": [0, -12, -1], "rotation": [0, 180, 0], "uv": [0, 9]},
						{"origin": [-3, -18, -7.5], "size": [6, 4, 1], "pivot": [0, -1, -1], "rotation": [0, 180, 0], "uv": [0, 27]},
						{"origin": [-3.5, -22.5, -8.5], "size": [7, 3, 1], "pivot": [0, -1, -1], "rotation": [0, 180, 0], "uv": [14, 28]},
						{"origin": [-4.5, -22.5, -7.5], "size": [1, 3, 3], "pivot": [0, -1, -1], "rotation": [0, 180, 0], "uv": [30, 26]},
						{"origin": [3.5, -22.5, -7.5], "size": [1, 3, 3], "pivot": [0, -1, -1], "rotation": [0, 180, 0], "uv": [30, 26], "mirror": true}
					]
				},
				{
					"name": "leftArm",
					"parent": "body",
					"pivot": [-2, -12, -1],
					"cubes": [
						{"origin": [-2, -22, -3], "size": [4, 12, 4], "inflate": 1.01, "uv": [0, 48], "mirror": true},
						{"origin": [-2, -22, -3], "size": [4, 3, 4], "inflate": 1.15, "uv": [16, 57], "mirror": true}
					]
				},
				{
					"name": "rightArm",
					"parent": "body",
					"pivot": [0, -12, -1],
					"cubes": [
						{"origin": [-3, -22, -3], "size": [4, 12, 4], "inflate": 1.01, "uv": [0, 48]},
						{"origin": [-3, -22, -3], "size": [4, 3, 4], "inflate": 1.15, "uv": [16, 57]}
					]
				}
			]
		}
	]
}