{
	"format_version": "1.12.0",
	"minecraft:geometry": [
		{
			"description": {
				"identifier": "geometry.backpack",
				"texture_width": 64,
				"texture_height": 32,
				"visible_bounds_width": 2,
				"visible_bounds_height": 3.5,
				"visible_bounds_offset": [0, 1.25, 0]
			},
			"bones": [
				{
					"name": "body",
					"pivot": [0, 24, 0],
					"mirror": true,
					"cubes": [
						{"origin": [-5, 13, -2.751], "size": [10, 12, 6], "inflate": -0.25, "uv": [32, 0], "mirror": false}
					]
				},
				{
					"name": "backpack",
					"parent": "body",
					"pivot": [0, 0, 1],
					"cubes": [
						{"origin": [-4, 13, -5], "size": [8, 4, 4], "pivot": [0, 0, 1], "rotation": [0, 180, 0], "uv": [0, 9]},
						{"origin": [-3, 18, -4.5], "size": [6, 4, 1], "pivot": [0, 0, 1], "rotation": [0, 180, 0], "uv": [0, 27]},
						{"origin": [-3.5, 13.5, -5.5], "size": [7, 3, 1], "pivot": [0, 0, 1], "rotation": [0, 180, 0], "uv": [14, 28]},
						{"origin": [-4.5, 13.5, 3.5], "size": [1, 3, 3], "uv": [30, 26]},
						{"origin": [3.5, 13.5, 3.5], "size": [1, 3, 3], "uv": [30, 26], "mirror": true},
						{"origin": [-3.5, 17, -4], "size": [7, 6, 3], "pivot": [0, 0, 1], "rotation": [0, 180, 0], "uv": [0, 0]},
						{"origin": [-1.5, 23, 5], "size": [3, 1, 0], "uv": [58, 31]}
					]
				}
			]
		}
	]
}