{
  "format_version": "1.16.0",
  "minecraft:entity": {
    "description": {
      "identifier": "minecraft:item",
      "is_spawnable": false,
      "is_summonable": false,
      "is_experimental": false,
      "scripts": {
        "animate": [
          "sun"
        ]
      },
      "animations": {
        "sun": "controller.animation.sun"
      }
    },
    "component_groups": {
      "sun": {
        "minecraft:mark_variant": {
          "value": 1
        },
        "minecraft:damage_sensor": {
          "triggers": [
            {
              "cause": "fire",
              "deals_damage": false
            },
            {
              "cause": "fire_tick",
              "deals_damage": false
            },
            {
              "cause": "lava",
              "deals_damage": false
            }
          ]
        }
      },
      "xD": {
        "minecraft:mark_variant": {
          "value": 2
        }
      }
    },
    "components": {
      "minecraft:environment_sensor": {
        "triggers": [
          {
            "filters": {
              "all_of": [
                {
                  "test": "has_tag",
                  "operator": "==",
                  "value": "sun"
                },
                {
                  "test": "is_mark_variant",
                  "operator": "!=",
                  "value": 1
                }
              ]
            },
            "event": "pvz:sun"
          },
          {
            "filters": {
              "all_of": [
                {
                  "test": "has_tag",
                  "operator": "==",
                  "value": "xd"
                },
                {
                  "test": "is_mark_variant",
                  "operator": "!=",
                  "value": 2
                }
              ]
            },
            "event": "pvz:desocupado"
          }
        ]
      }
    },
    "events": {
      "pvz:sun": {
        "add": {
          "component_groups": [
            "sun"
          ]
        }
      },
      "PvZ:desocupado": {
        "add": {
          "component_groups": [
            "xDDD"
          ]
        }
      }
    }
  }
}