{
  "resource_pack_name": "bedrock_backpacks",
  "texture_name": "atlas.items",
  "texture_data": {
	  "backpack": {
      "textures": "textures/items/backpack"
    },
    "red_backpack": {
      "textures": "textures/items/backpack_red"
    },
    "brown_backpack": {
      "textures": "textures/items/backpack_brown"
    },
    "orange_backpack": {
      "textures": "textures/items/backpack_orange"
    },
    "yellow_backpack": {
      "textures": "textures/items/backpack_yellow"
    },
    "lime_backpack": {
      "textures": "textures/items/backpack_lime"
    },
    "green_backpack": {
      "textures": "textures/items/backpack_green"
    },
    "cyan_backpack": {
      "textures": "textures/items/backpack_cyan"
    },
    "light_blue_backpack": {
      "textures": "textures/items/backpack_light_blue"
    },
    "blue_backpack": {
      "textures": "textures/items/backpack_blue"
    },
    "purple_backpack": {
      "textures": "textures/items/backpack_purple"
    },
    "magenta_backpack": {
      "textures": "textures/items/backpack_magenta"
    },
    "pink_backpack": {
      "textures": "textures/items/backpack_pink"
    },
    "white_backpack": {
      "textures": "textures/items/backpack_white"
    },
    "silver_backpack": {
      "textures": "textures/items/backpack_silver"
    },
    "gray_backpack": {
      "textures": "textures/items/backpack_gray"
    },
    "black_backpack": {
      "textures": "textures/items/backpack_black"
    },
    "apple_backpack": {
      "textures": "textures/items/backpack_apple"
    },
    "creeper_backpack": {
      "textures": "textures/items/backpack_creeper"
    },
    "flower_backpack": {
      "textures": "textures/items/backpack_flower"
    },
    "piglin_backpack": {
      "textures": "textures/items/backpack_piglin"
    },
    "skeleton_backpack": {
      "textures": "textures/items/backpack_skeleton"
    },
    "world_backpack": {
      "textures": "textures/items/backpack_world"
    },
	  "lbackpack": {
      "textures": "textures/items/leather/backpack"
    },
    "lred_backpack": {
      "textures": "textures/items/leather/backpack_red"
    },
    "lbrown_backpack": {
      "textures": "textures/items/leather/backpack_brown"
    },
    "lorange_backpack": {
      "textures": "textures/items/leather/backpack_orange"
    },
    "lyellow_backpack": {
      "textures": "textures/items/leather/backpack_yellow"
    },
    "llime_backpack": {
      "textures": "textures/items/leather/backpack_lime"
    },
    "lgreen_backpack": {
      "textures": "textures/items/leather/backpack_green"
    },
    "lcyan_backpack": {
      "textures": "textures/items/leather/backpack_cyan"
    },
    "llight_blue_backpack": {
      "textures": "textures/items/leather/backpack_light_blue"
    },
    "lblue_backpack": {
      "textures": "textures/items/leather/backpack_blue"
    },
    "lpurple_backpack": {
      "textures": "textures/items/leather/backpack_purple"
    },
    "lmagenta_backpack": {
      "textures": "textures/items/leather/backpack_magenta"
    },
    "lpink_backpack": {
      "textures": "textures/items/leather/backpack_pink"
    },
    "lwhite_backpack": {
      "textures": "textures/items/leather/backpack_white"
    },
    "lsilver_backpack": {
      "textures": "textures/items/leather/backpack_silver"
    },
    "lgray_backpack": {
      "textures": "textures/items/leather/backpack_gray"
    },
    "lblack_backpack": {
      "textures": "textures/items/leather/backpack_black"
    },
    "lapple_backpack": {
      "textures": "textures/items/leather/backpack_apple"
    },
    "lcreeper_backpack": {
      "textures": "textures/items/leather/backpack_creeper"
    },
    "lflower_backpack": {
      "textures": "textures/items/leather/backpack_flower"
    },
    "lpiglin_backpack": {
      "textures": "textures/items/leather/backpack_piglin"
    },
    "lskeleton_backpack": {
      "textures": "textures/items/leather/backpack_skeleton"
    },
    "lworld_backpack": {
      "textures": "textures/items/leather/backpack_world"
    },
	  "cbackpack": {
      "textures": "textures/items/chain/backpack"
    },
    "cred_backpack": {
      "textures": "textures/items/chain/backpack_red"
    },
    "cbrown_backpack": {
      "textures": "textures/items/chain/backpack_brown"
    },
    "corange_backpack": {
      "textures": "textures/items/chain/backpack_orange"
    },
    "cyellow_backpack": {
      "textures": "textures/items/chain/backpack_yellow"
    },
    "clime_backpack": {
      "textures": "textures/items/chain/backpack_lime"
    },
    "cgreen_backpack": {
      "textures": "textures/items/chain/backpack_green"
    },
    "ccyan_backpack": {
      "textures": "textures/items/chain/backpack_cyan"
    },
    "clight_blue_backpack": {
      "textures": "textures/items/chain/backpack_light_blue"
    },
    "cblue_backpack": {
      "textures": "textures/items/chain/backpack_blue"
    },
    "cpurple_backpack": {
      "textures": "textures/items/chain/backpack_purple"
    },
    "cmagenta_backpack": {
      "textures": "textures/items/chain/backpack_magenta"
    },
    "cpink_backpack": {
      "textures": "textures/items/chain/backpack_pink"
    },
    "cwhite_backpack": {
      "textures": "textures/items/chain/backpack_white"
    },
    "csilver_backpack": {
      "textures": "textures/items/chain/backpack_silver"
    },
    "cgray_backpack": {
      "textures": "textures/items/chain/backpack_gray"
    },
    "cblack_backpack": {
      "textures": "textures/items/chain/backpack_black"
    },
    "capple_backpack": {
      "textures": "textures/items/chain/backpack_apple"
    },
    "ccreeper_backpack": {
      "textures": "textures/items/chain/backpack_creeper"
    },
    "cflower_backpack": {
      "textures": "textures/items/chain/backpack_flower"
    },
    "cpiglin_backpack": {
      "textures": "textures/items/chain/backpack_piglin"
    },
    "cskeleton_backpack": {
      "textures": "textures/items/chain/backpack_skeleton"
    },
    "cworld_backpack": {
      "textures": "textures/items/chain/backpack_world"
    },
	  "ibackpack": {
      "textures": "textures/items/iron/backpack"
    },
    "ired_backpack": {
      "textures": "textures/items/iron/backpack_red"
    },
    "ibrown_backpack": {
      "textures": "textures/items/iron/backpack_brown"
    },
    "iorange_backpack": {
      "textures": "textures/items/iron/backpack_orange"
    },
    "iyellow_backpack": {
      "textures": "textures/items/iron/backpack_yellow"
    },
    "ilime_backpack": {
      "textures": "textures/items/iron/backpack_lime"
    },
    "igreen_backpack": {
      "textures": "textures/items/iron/backpack_green"
    },
    "icyan_backpack": {
      "textures": "textures/items/iron/backpack_cyan"
    },
    "ilight_blue_backpack": {
      "textures": "textures/items/iron/backpack_light_blue"
    },
    "iblue_backpack": {
      "textures": "textures/items/iron/backpack_blue"
    },
    "ipurple_backpack": {
      "textures": "textures/items/iron/backpack_purple"
    },
    "imagenta_backpack": {
      "textures": "textures/items/iron/backpack_magenta"
    },
    "ipink_backpack": {
      "textures": "textures/items/iron/backpack_pink"
    },
    "iwhite_backpack": {
      "textures": "textures/items/iron/backpack_white"
    },
    "isilver_backpack": {
      "textures": "textures/items/iron/backpack_silver"
    },
    "igray_backpack": {
      "textures": "textures/items/iron/backpack_gray"
    },
    "iblack_backpack": {
      "textures": "textures/items/iron/backpack_black"
    },
    "iapple_backpack": {
      "textures": "textures/items/iron/backpack_apple"
    },
    "icreeper_backpack": {
      "textures": "textures/items/iron/backpack_creeper"
    },
    "iflower_backpack": {
      "textures": "textures/items/iron/backpack_flower"
    },
    "ipiglin_backpack": {
      "textures": "textures/items/iron/backpack_piglin"
    },
    "iskeleton_backpack": {
      "textures": "textures/items/iron/backpack_skeleton"
    },
    "iworld_backpack": {
      "textures": "textures/items/iron/backpack_world"
    },
	  "gbackpack": {
      "textures": "textures/items/gold/backpack"
    },
    "gred_backpack": {
      "textures": "textures/items/gold/backpack_red"
    },
    "gbrown_backpack": {
      "textures": "textures/items/gold/backpack_brown"
    },
    "gorange_backpack": {
      "textures": "textures/items/gold/backpack_orange"
    },
    "gyellow_backpack": {
      "textures": "textures/items/gold/backpack_yellow"
    },
    "glime_backpack": {
      "textures": "textures/items/gold/backpack_lime"
    },
    "ggreen_backpack": {
      "textures": "textures/items/gold/backpack_green"
    },
    "gcyan_backpack": {
      "textures": "textures/items/gold/backpack_cyan"
    },
    "glight_blue_backpack": {
      "textures": "textures/items/gold/backpack_light_blue"
    },
    "gblue_backpack": {
      "textures": "textures/items/gold/backpack_blue"
    },
    "gpurple_backpack": {
      "textures": "textures/items/gold/backpack_purple"
    },
    "gmagenta_backpack": {
      "textures": "textures/items/gold/backpack_magenta"
    },
    "gpink_backpack": {
      "textures": "textures/items/gold/backpack_pink"
    },
    "gwhite_backpack": {
      "textures": "textures/items/gold/backpack_white"
    },
    "gsilver_backpack": {
      "textures": "textures/items/gold/backpack_silver"
    },
    "ggray_backpack": {
      "textures": "textures/items/gold/backpack_gray"
    },
    "gblack_backpack": {
      "textures": "textures/items/gold/backpack_black"
    },
    "gapple_backpack": {
      "textures": "textures/items/gold/backpack_apple"
    },
    "gcreeper_backpack": {
      "textures": "textures/items/gold/backpack_creeper"
    },
    "gflower_backpack": {
      "textures": "textures/items/gold/backpack_flower"
    },
    "gpiglin_backpack": {
      "textures": "textures/items/gold/backpack_piglin"
    },
    "gskeleton_backpack": {
      "textures": "textures/items/gold/backpack_skeleton"
    },
    "gworld_backpack": {
      "textures": "textures/items/gold/backpack_world"
    },
	  "dbackpack": {
      "textures": "textures/items/diamond/backpack"
    },
    "dred_backpack": {
      "textures": "textures/items/diamond/backpack_red"
    },
    "dbrown_backpack": {
      "textures": "textures/items/diamond/backpack_brown"
    },
    "dorange_backpack": {
      "textures": "textures/items/diamond/backpack_orange"
    },
    "dyellow_backpack": {
      "textures": "textures/items/diamond/backpack_yellow"
    },
    "dlime_backpack": {
      "textures": "textures/items/diamond/backpack_lime"
    },
    "dgreen_backpack": {
      "textures": "textures/items/diamond/backpack_green"
    },
    "dcyan_backpack": {
      "textures": "textures/items/diamond/backpack_cyan"
    },
    "dlight_blue_backpack": {
      "textures": "textures/items/diamond/backpack_light_blue"
    },
    "dblue_backpack": {
      "textures": "textures/items/diamond/backpack_blue"
    },
    "dpurple_backpack": {
      "textures": "textures/items/diamond/backpack_purple"
    },
    "dmagenta_backpack": {
      "textures": "textures/items/diamond/backpack_magenta"
    },
    "dpink_backpack": {
      "textures": "textures/items/diamond/backpack_pink"
    },
    "dwhite_backpack": {
      "textures": "textures/items/diamond/backpack_white"
    },
    "dsilver_backpack": {
      "textures": "textures/items/diamond/backpack_silver"
    },
    "dgray_backpack": {
      "textures": "textures/items/diamond/backpack_gray"
    },
    "dblack_backpack": {
      "textures": "textures/items/diamond/backpack_black"
    },
    "dapple_backpack": {
      "textures": "textures/items/diamond/backpack_apple"
    },
    "dcreeper_backpack": {
      "textures": "textures/items/diamond/backpack_creeper"
    },
    "dflower_backpack": {
      "textures": "textures/items/diamond/backpack_flower"
    },
    "dpiglin_backpack": {
      "textures": "textures/items/diamond/backpack_piglin"
    },
    "dskeleton_backpack": {
      "textures": "textures/items/diamond/backpack_skeleton"
    },
    "dworld_backpack": {
      "textures": "textures/items/diamond/backpack_world"
    },
	  "nbackpack": {
      "textures": "textures/items/netherite/backpack"
    },
    "nred_backpack": {
      "textures": "textures/items/netherite/backpack_red"
    },
    "nbrown_backpack": {
      "textures": "textures/items/netherite/backpack_brown"
    },
    "norange_backpack": {
      "textures": "textures/items/netherite/backpack_orange"
    },
    "nyellow_backpack": {
      "textures": "textures/items/netherite/backpack_yellow"
    },
    "nlime_backpack": {
      "textures": "textures/items/netherite/backpack_lime"
    },
    "ngreen_backpack": {
      "textures": "textures/items/netherite/backpack_green"
    },
    "ncyan_backpack": {
      "textures": "textures/items/netherite/backpack_cyan"
    },
    "nlight_blue_backpack": {
      "textures": "textures/items/netherite/backpack_light_blue"
    },
    "nblue_backpack": {
      "textures": "textures/items/netherite/backpack_blue"
    },
    "npurple_backpack": {
      "textures": "textures/items/netherite/backpack_purple"
    },
    "nmagenta_backpack": {
      "textures": "textures/items/netherite/backpack_magenta"
    },
    "npink_backpack": {
      "textures": "textures/items/netherite/backpack_pink"
    },
    "nwhite_backpack": {
      "textures": "textures/items/netherite/backpack_white"
    },
    "nsilver_backpack": {
      "textures": "textures/items/netherite/backpack_silver"
    },
    "ngray_backpack": {
      "textures": "textures/items/netherite/backpack_gray"
    },
    "nblack_backpack": {
      "textures": "textures/items/netherite/backpack_black"
    },
    "napple_backpack": {
      "textures": "textures/items/netherite/backpack_apple"
    },
    "ncreeper_backpack": {
      "textures": "textures/items/netherite/backpack_creeper"
    },
    "nflower_backpack": {
      "textures": "textures/items/netherite/backpack_flower"
    },
    "npiglin_backpack": {
      "textures": "textures/items/netherite/backpack_piglin"
    },
    "nskeleton_backpack": {
      "textures": "textures/items/netherite/backpack_skeleton"
    },
    "nworld_backpack": {
      "textures": "textures/items/netherite/backpack_world"
    }
  }
}