{
	"namespace":"start",
	"esbe_panel":{
		"type":"stack_panel","orientation":"vertical",
		"controls":[
			{"i":{"type":"image","texture":"info","size":["100%-16px","27%x"]}},{"c":{"type":"label","font_scale_factor":1.5,"text":"esbe.v","color":[0.4,0.8,0.67]}},
			{"0":{"type":"label","text":"esbe.c0"}},{"1":{"type":"label","text":"esbe.c1"}},{"2":{"type":"label","text":"esbe.c2"}},{"3":{"type":"label","text":"esbe.c3"}},
			{"4":{"type":"label","text":"esbe.c4"}},{"5":{"type":"label","text":"esbe.c5"}},{"6":{"type":"label","text":"esbe.c6"}},{"7":{"type":"label","text":"esbe.c7"}}
		]
	},
	"esbe_scr@common.scrolling_panel":{"$show_background":false,"$scrolling_content":"start.esbe_panel"},"esbe_fsc@common.fullscreen_header":{"$back_button_has_title":true,"$button_text":"ESBE info","$child_control":"start.esbe_scr"},
	"esbe_main@common.base_screen":{"button_mappings":[{"from_button_id":"button.menu_cancel","to_button_id":"button.menu_exit","mapping_type":"global"}],"$screen_bg_content":"persona.persona_screen_background_content","$screen_content":"start.esbe_fsc"},
	"esbe_img":{"type":"image","texture":"button","size":[43,16]},
	"esbe_btn@common_buttons.light_content_button":{"size":[49,22],"$pressed_button_name":"button.menu_buy_game","$button_content":"start.esbe_img","$default_button_alpha":0.5,"$default_hover_alpha":0.5},
	"copyright@start.esbe_btn":{"anchor_from":"bottom_left","anchor_to":"bottom_left"}
}
