{
  "format_version": "1.12",
  "minecraft:recipe_shaped": {
    "description": {
    "identifier": "bedrock:backpack"
    },

    
    "tags": [ "crafting_table" ],
    "pattern": [
      "SSS",
      "LWL",
      "WLW"
    ],
    "key": {
      "S": {
        "item": "minecraft:string"
      },
      "L": {
        "item": "minecraft:leather"
      },
      "W": {
        "item": "minecraft:wool"
      }
    },
    "result": {
      "item": "bedrock:backpack"
    }
  }
}
  