{
  "format_version": "1.8.0",
  "minecraft:attachable": {
    "description": {
      "identifier": "chain:creeper_backpack",
      "materials": {
        "default": "armor",
        "enchanted": "armor_enchanted"
      },
      "textures": {
        "default": "textures/models/armor/chain/backpack_creeper",
        "enchanted": "textures/misc/enchanted_item_glint"
      },
      "geometry": {
        "default": "geometry.armor_backpack"
      },
      "scripts": {
        "parent_setup": "variable.chest_layer_visible = 0.0;"
      },
      "render_controllers": [ "controller.render.armor" ]
    }
  }
}
